index,zopen,zhigh,zlow,zclose,zvolume,sopen,shigh,slow,sclose,svolume,scv
2022-08-02 09:31:00,130.0,130.0,130.0,130.0,84340,43.39,43.39,42.81,42.810001373291016,7139,88.76218406239066
2022-08-02 15:00:00,125.05,125.25,125.05,125.13500213623047,95300,40.58,40.58,40.58,40.58000183105469,7829,84.13850680293321
2022-08-03 09:31:00,125.122,125.135,124.11,124.11000061035156,85400,40.2,41.2,40.2,41.20000076293945,6915,85.4240115341892
2022-08-03 09:32:00,124.11,124.11,123.501,123.72000122070312,34160,41.58,41.58,41.18,41.18000030517578,1800,85.38254261906651
2022-08-03 09:33:00,123.81,125.001,123.81,124.5,39810,41.2,41.49,41.14,41.209999084472656,6741,85.44474203705714
2022-08-03 09:34:00,124.5,124.5,124.201,124.33999633789062,15120,41.32,41.47,41.32,41.470001220703125,997,85.98383002426525
2022-08-03 09:35:00,124.35,124.42,124.35,124.37200164794922,21400,41.35,41.35,41.22,41.220001220703125,1030,85.4654804493119
2022-08-03 09:36:00,124.372,124.49,124.35,124.41999816894531,19930,41.22,41.34,41.22,41.34000015258789,803,85.71428603066119
2022-08-03 09:37:00,124.4,124.43,124.35,124.37000274658203,31510,41.22,41.33,41.06,41.060001373291016,13377,85.13373703771722
2022-08-03 09:38:00,124.45,124.611,124.371,124.61100006103516,16320,41.06,41.23,41.06,41.22999954223633,664,85.48621095217982
2022-08-03 09:39:00,124.61,124.61,124.42,124.5,13180,41.06,41.24,41.05,41.220001220703125,5342,85.4654804493119
2022-08-03 09:40:00,124.5,124.622,124.5,124.62200164794922,13460,41.05,41.05,40.99,41.02000045776367,5628,85.05079920747185
2022-08-03 09:41:00,124.65,125.153,124.65,125.1500015258789,30780,41.02,41.04,41.02,41.02000045776367,1677,85.05079920747185
2022-08-03 09:42:00,125.156,125.79,125.153,125.7229995727539,29580,40.99,40.99,40.93,40.93000030517578,2231,84.86419304411316
2022-08-03 09:43:00,125.8,125.9,125.21,125.52999877929688,32950,40.96,40.96,40.96,40.959999084472656,30,84.92639246210379
2022-08-03 09:44:00,125.53,125.901,125.53,125.75,24750,40.97,41.06,40.97,41.060001373291016,4169,85.13373703771722
2022-08-03 09:45:00,125.75,125.75,125.23,125.2699966430664,10950,41.06,41.12,41.06,41.060001373291016,1228,85.13373703771722
2022-08-03 09:46:00,125.31,125.35,125.1,125.0999984741211,22610,41.07,41.07,41.06,41.060001373291016,2300,85.13373703771722
2022-08-03 09:47:00,125.16,125.16,125.06,125.08000183105469,10750,41.06,41.06,40.92,40.91999816894531,2146,84.84345463185842
2022-08-03 09:48:00,125.06,125.06,124.607,124.69999694824219,19550,40.92,40.92,40.85,40.849998474121094,5000,84.69831738362242
2022-08-03 09:49:00,124.7,124.701,124.6,124.5999984741211,9320,40.85,40.85,40.78,40.779998779296875,3900,84.55318013538643
2022-08-03 09:50:00,124.6,124.6,124.459,124.55500030517578,11750,40.72,40.72,40.7,40.70000076293945,3335,84.38731238428251
2022-08-03 09:51:00,124.56,124.734,124.555,124.72000122070312,14100,40.7,40.76,40.66,40.65999984741211,2871,84.30437455403714
2022-08-03 09:52:00,124.72,124.94,124.72,124.9000015258789,14940,40.66,40.79,40.66,40.779998779296875,1743,84.55318013538643
2022-08-03 09:53:00,124.92,125.08,124.915,124.9800033569336,18460,40.78,40.81,40.65,40.650001525878906,2442,84.2836440511692
2022-08-03 09:54:00,124.785,124.98,124.7,124.7750015258789,8780,40.82,40.82,40.66,40.689998626708984,11635,84.36657397202775
2022-08-03 09:55:00,124.7,124.7,124.641,124.6500015258789,7330,40.88,40.88,40.71,40.720001220703125,1535,84.4287812994052
2022-08-03 09:56:00,124.601,124.601,124.5,124.53099822998047,8180,40.72,40.72,40.71,40.709999084472656,1200,84.40804288715044
2022-08-03 09:57:00,124.55,124.55,124.53,124.52999877929688,10250,40.7,40.7,40.67,40.66999816894531,3219,84.32510505690506
2022-08-03 09:58:00,124.531,124.531,124.49,124.52999877929688,7280,40.67,40.67,40.6,40.599998474121094,3619,84.17996780866908
2022-08-03 09:59:00,124.53,124.53,124.52,124.5199966430664,5790,40.6,40.65,40.6,40.599998474121094,3103,84.17996780866908
2022-08-03 10:00:00,124.52,124.535,124.52,124.53500366210938,7090,40.6,40.8,40.6,40.689998626708984,6862,84.36657397202775
2022-08-03 10:01:00,124.525,124.551,124.525,124.53500366210938,5750,40.64,40.69,40.64,40.689998626708984,1600,84.36657397202775
2022-08-03 10:02:00,124.545,124.58,124.545,124.58000183105469,6000,40.69,40.8,40.64,40.79999923706055,4336,84.59464905050912
2022-08-03 10:03:00,124.58,124.65,124.58,124.6500015258789,4070,40.64,40.81,40.61,40.630001068115234,4435,84.24217513604651
2022-08-03 10:04:00,124.65,124.67,124.65,124.66999816894531,4350,40.79,40.8,40.63,40.79999923706055,1219,84.59464905050912
2022-08-03 10:05:00,124.675,124.78,124.675,124.7750015258789,6980,40.76,40.98,40.76,40.7599983215332,7446,84.51171122026375
2022-08-03 10:06:00,124.775,124.846,124.719,124.84600067138672,11280,40.76,40.97,40.76,40.810001373291016,1624,84.61538746276388
2022-08-03 10:07:00,124.846,124.852,124.7,124.78500366210938,6610,40.8,40.8,40.8,40.79999923706055,13304,84.59464905050912
2022-08-03 10:08:00,124.785,124.79,124.785,124.79000091552734,4580,40.8,40.83,40.8,40.83000183105469,2854,84.65685637788656
2022-08-03 10:09:00,124.79,124.79,124.78,124.78500366210938,4270,40.96,40.96,40.83,40.83000183105469,1100,84.65685637788656
2022-08-03 10:10:00,124.788,124.789,124.785,124.78800201416016,4260,40.97,40.97,40.83,40.83000183105469,1000,84.65685637788656
2022-08-03 10:11:00,124.789,124.791,124.788,124.79000091552734,5700,40.95,40.98,40.84,40.970001220703125,3738,84.94713087435855
2022-08-03 10:12:00,124.79,124.79,124.785,124.78800201416016,6570,40.85,40.86,40.84,40.84000015258789,3249,84.67758688075449
2022-08-03 10:13:00,124.788,124.802,124.788,124.802001953125,4750,40.83,40.95,40.83,40.95000076293945,5317,84.90566195923586
2022-08-03 10:14:00,124.805,124.825,124.802,124.82499694824219,3610,40.84,40.84,40.82,40.81999969482422,2900,84.63611796563181
2022-08-03 10:15:00,124.84,124.9,124.825,124.9000015258789,3910,40.95,40.95,40.88,40.95000076293945,1526,84.90566195923586
2022-08-03 10:17:00,124.957,124.97,124.954,124.96399688720703,7230,40.94,40.95,40.6,40.95000076293945,9031,84.90566195923586
2022-08-03 10:18:00,124.964,124.98,124.96,124.95999908447266,6740,40.96,40.98,40.61,40.720001220703125,8666,84.4287812994052
2022-08-03 10:19:00,124.96,124.96,124.91,124.91000366210938,2840,40.96,41.15,40.96,41.099998474121094,6527,85.21666695857577
2022-08-03 10:20:00,124.913,124.913,124.89,124.8949966430664,2900,41.03,41.1,41.03,41.099998474121094,1000,85.21666695857577
2022-08-03 10:21:00,124.895,124.895,124.83,124.83000183105469,2750,41.1,41.1,41.09,41.09000015258789,1228,85.19593645570784
2022-08-03 10:22:00,124.84,124.84,124.722,124.76499938964844,4760,41.06,41.06,41.06,41.060001373291016,1560,85.13373703771722
2022-08-03 10:23:00,124.77,124.77,124.7,124.69999694824219,3070,41.02,41.14,41.0,41.09000015258789,7568,85.19593645570784
2022-08-03 10:24:00,124.7,124.7,124.682,124.68800354003906,4320,41.14,41.15,41.12,41.119998931884766,1182,85.25813587369846
2022-08-03 10:25:00,124.69,124.7,124.687,124.69999694824219,3470,41.15,41.18,41.11,41.11000061035156,2937,85.23740537083053
2022-08-03 10:26:00,124.701,124.78,124.701,124.77999877929688,4320,41.12,41.12,41.12,41.119998931884766,104,85.25813587369846
2022-08-03 10:27:00,124.79,124.845,124.78,124.84500122070312,3420,41.18,41.3,41.18,41.29999923706055,7132,85.63134820041581
2022-08-03 10:28:00,124.846,124.85,124.77,124.7699966430664,5550,41.35,41.39,41.33,41.380001068115234,3480,85.79722386090656
2022-08-03 10:29:00,124.79,124.79,124.68,124.68000030517578,7280,41.38,41.48,41.38,41.47999954223633,6440,86.00456052713317
2022-08-03 10:30:00,124.68,124.745,124.68,124.73200225830078,17150,41.48,41.51,41.47,41.5099983215332,5900,86.06675994512379
2022-08-03 10:31:00,124.77,124.822,124.77,124.81999969482422,6930,41.51,41.54,41.51,41.529998779296875,4201,86.10822886024647
2022-08-03 10:32:00,124.82,124.845,124.82,124.84500122070312,2580,41.52,41.52,41.47,41.470001220703125,3306,85.98383002426525
2022-08-03 10:33:00,124.84,124.846,124.81,124.80999755859375,5610,41.47,41.47,41.46,41.459999084472656,1350,85.96309161201049
2022-08-03 10:34:00,124.8,124.8,124.68,124.68199920654297,4290,41.46,41.46,41.43,41.43000030517578,2752,85.90089219401986
2022-08-03 10:35:00,124.68,124.688,124.51,124.51000213623047,6840,41.43,41.43,41.21,41.22999954223633,3524,85.48621095217982
2022-08-03 10:36:00,124.51,124.51,124.43,124.46600341796875,3760,41.2,41.2,41.2,41.20000076293945,500,85.4240115341892
2022-08-03 10:37:00,124.4,124.5,124.4,124.44200134277344,4920,41.2,41.2,41.2,41.20000076293945,1247,85.4240115341892
2022-08-03 10:38:00,124.406,124.442,124.39,124.39900207519531,4820,41.21,41.21,41.21,41.209999084472656,606,85.44474203705714
2022-08-03 10:39:00,124.399,124.415,124.394,124.41500091552734,3570,41.21,41.31,41.19,41.189998626708984,1099,85.40327312193445
2022-08-03 10:40:00,124.41,124.42,124.41,124.41999816894531,1900,41.2,41.29,41.19,41.189998626708984,7476,85.40327312193445
2022-08-03 10:41:00,124.42,124.446,124.42,124.44599914550781,2580,41.19,41.2,41.18,41.20000076293945,2145,85.4240115341892
2022-08-03 10:42:00,124.446,124.45,124.417,124.41699981689453,9430,41.29,41.38,41.22,41.380001068115234,18139,85.79722386090656
2022-08-03 10:43:00,124.42,124.421,124.39,124.4010009765625,11130,41.38,41.38,41.22,41.220001220703125,6828,85.4654804493119
2022-08-03 10:44:00,124.401,124.401,124.381,124.38200378417969,3430,41.22,41.22,41.19,41.189998626708984,921,85.40327312193445
2022-08-03 10:45:00,124.382,124.382,124.369,124.36900329589844,1770,41.19,41.19,41.19,41.189998626708984,721,85.40327312193445
2022-08-03 10:46:00,124.369,124.37,124.35,124.36799621582031,3710,41.19,41.22,41.19,41.220001220703125,853,85.4654804493119
2022-08-03 10:47:00,124.369,124.4,124.369,124.38999938964844,7180,41.4,41.4,41.2,41.20000076293945,1432,85.4240115341892
2022-08-03 10:48:00,124.39,124.401,124.38,124.39900207519531,3800,41.19,41.19,41.14,41.13999938964844,4100,85.29960478882114
2022-08-03 10:49:00,124.39,124.39,124.3,124.30000305175781,3240,41.14,41.14,41.14,41.13999938964844,721,85.29960478882114
2022-08-03 10:50:00,124.3,124.3,124.125,124.25599670410156,8840,41.14,41.14,41.14,41.13999938964844,733,85.29960478882114
2022-08-03 10:51:00,124.22,124.23,124.22,124.2300033569336,2880,41.12,41.17,41.12,41.16999816894531,1947,85.36180420681177
2022-08-03 10:52:00,124.23,124.23,124.106,124.10600280761719,3960,41.12,41.12,41.1,41.099998474121094,2035,85.21666695857577
2022-08-03 10:53:00,124.102,124.102,124.08,124.08000183105469,2730,41.1,41.1,41.02,41.02000045776367,6061,85.05079920747185
2022-08-03 10:54:00,124.08,124.08,124.0,124.0,18070,41.0,41.0,40.99,40.9900016784668,4000,84.98859978948123
2022-08-03 10:55:00,124.0,124.0,123.78,123.78800201416016,9870,40.99,40.99,40.98,40.97999954223633,1681,84.96786137722647
2022-08-03 10:56:00,123.77,123.879,123.77,123.87899780273438,5720,40.98,40.99,40.96,40.959999084472656,841,84.92639246210379
2022-08-03 10:57:00,123.879,123.88,123.859,123.86000061035156,9080,40.96,40.99,40.95,40.9900016784668,2442,84.98859978948123
2022-08-03 10:58:00,123.859,123.86,123.841,123.84100341796875,2640,40.95,40.95,40.94,40.939998626708984,591,84.8849235469811
2022-08-03 10:59:00,123.841,123.842,123.82,123.81999969482422,3580,40.94,40.94,40.9,40.900001525878906,3259,84.80199362612255
2022-08-03 11:00:00,123.838,123.838,123.817,123.81700134277344,1310,40.9,40.9,40.86,40.86000061035156,1502,84.71905579587718
2022-08-03 11:01:00,123.816,123.839,123.816,123.83000183105469,2160,40.9,40.93,40.86,40.93000030517578,1321,84.86419304411316
2022-08-03 11:02:00,123.82,123.84,123.82,123.82099914550781,1850,40.93,40.93,40.85,40.849998474121094,3531,84.69831738362242
2022-08-03 11:03:00,123.821,123.83,123.821,123.82599639892578,2540,40.85,40.85,40.82,40.81999969482422,2913,84.63611796563181
2022-08-03 11:04:00,123.826,123.839,123.826,123.83899688720703,1520,40.82,40.82,40.8,40.79999923706055,1979,84.59464905050912
2022-08-03 11:05:00,123.83,123.86,123.83,123.86000061035156,4790,40.8,40.8,40.8,40.79999923706055,541,84.59464905050912
2022-08-03 11:06:00,123.86,123.9,123.86,123.9000015258789,2340,40.78,40.85,40.78,40.849998474121094,1418,84.69831738362242
2022-08-03 11:07:00,123.902,124.05,123.902,124.05000305175781,2920,40.85,40.85,40.81,40.810001373291016,762,84.61538746276388
2022-08-03 11:08:00,124.062,124.18,124.062,124.12000274658203,5090,40.86,40.86,40.8,40.79999923706055,1028,84.59464905050912
2022-08-03 11:09:00,124.135,124.135,124.08,124.08999633789062,3000,40.82,40.82,40.81,40.810001373291016,721,84.61538746276388
2022-08-03 11:10:00,124.081,124.09,124.08,124.08000183105469,2350,40.81,40.81,40.81,40.810001373291016,1521,84.61538746276388
2022-08-03 11:11:00,124.088,124.09,124.06,124.05999755859375,1810,40.82,40.83,40.82,40.83000183105469,721,84.65685637788656
2022-08-03 11:12:00,124.05,124.05,123.98,123.9800033569336,2270,40.98,41.18,40.92,41.029998779296875,4847,85.07152971033977
2022-08-03 11:13:00,123.99,124.0,123.99,123.99800109863281,1710,41.2,41.2,41.04,41.040000915527344,753,85.09226812259453
2022-08-03 11:15:00,124.001,124.001,123.999,123.9990005493164,1780,41.2,41.2,41.05,41.04999923706055,953,85.11299862546247
2022-08-03 11:16:00,123.999,123.999,123.99,123.99800109863281,2040,41.1,41.11,41.1,41.11000061035156,1980,85.23740537083053
2022-08-03 11:17:00,123.99,123.998,123.98,123.98600006103516,990,41.11,41.11,41.1,41.099998474121094,63,85.21666695857577
2022-08-03 11:18:00,123.986,123.986,123.93,123.93000030517578,910,41.11,41.11,41.11,41.11000061035156,500,85.23740537083053
2022-08-03 11:20:00,123.898,123.898,123.88,123.88700103759766,1400,41.2,41.2,41.2,41.20000076293945,1367,85.4240115341892
2022-08-03 11:21:00,123.88,123.88,123.861,123.86100006103516,1040,41.19,41.3,41.19,41.220001220703125,5139,85.4654804493119
2022-08-03 11:22:00,123.861,123.875,123.86,123.87000274658203,2930,41.3,41.3,41.28,41.29999923706055,1219,85.63134820041581
2022-08-03 11:23:00,123.862,123.886,123.861,123.87000274658203,4530,41.39,41.39,41.33,41.34000015258789,1600,85.71428603066119
2022-08-03 11:24:00,123.874,123.91,123.874,123.91000366210938,1940,41.32,41.32,41.31,41.310001373291016,874,85.65208661267057
2022-08-03 11:27:00,124.012,124.015,123.911,123.91100311279297,4650,41.29,41.76,41.28,41.65999984741211,39628,86.37777285385053
2022-08-03 11:28:00,123.899,124.023,123.88,124.02300262451172,9130,41.66,41.66,41.36,41.36000061035156,8665,85.75575494578388
2022-08-03 13:01:00,124.139,124.142,124.12,124.13999938964844,15710,41.5,41.53,41.3,41.29999923706055,2738,85.63134820041581
2022-08-03 13:02:00,124.15,124.182,124.15,124.18199920654297,1810,41.26,41.26,41.26,41.2599983215332,907,85.54841037017044
2022-08-03 13:03:00,124.183,124.2,124.18,124.19999694824219,3180,41.26,41.32,41.2,41.31999969482422,1276,85.6728171155385
2022-08-03 13:05:00,124.251,124.3,124.2,124.19999694824219,4790,41.18,41.18,41.18,41.18000030517578,746,85.38254261906651
2022-08-03 13:06:00,124.199,124.199,124.08,124.08100128173828,5020,41.18,41.35,41.16,41.310001373291016,1408,85.65208661267057
2022-08-03 13:07:00,124.08,124.086,124.08,124.08100128173828,1530,41.31,41.31,41.13,41.130001068115234,7072,85.27887428595321
2022-08-03 13:08:00,124.081,124.081,124.07,124.06999969482422,1710,41.12,41.13,41.12,41.130001068115234,4112,85.27887428595321
2022-08-03 13:09:00,124.072,124.121,124.072,124.12000274658203,2670,41.29,41.29,41.29,41.290000915527344,205,85.61061769754788
2022-08-03 13:10:00,124.095,124.17,124.095,124.16999816894531,2210,41.31,41.31,41.31,41.310001373291016,200,85.65208661267057
2022-08-03 13:11:00,124.17,124.235,124.169,124.2300033569336,2390,41.31,41.31,41.31,41.310001373291016,215,85.65208661267057
2022-08-03 13:12:00,124.239,124.239,124.181,124.19999694824219,3840,41.19,41.19,41.19,41.189998626708984,400,85.40327312193445
2022-08-03 13:14:00,124.282,124.331,124.282,124.28199768066406,4760,41.31,41.31,41.31,41.310001373291016,526,85.65208661267057
2022-08-03 13:15:00,124.282,124.42,124.282,124.41999816894531,6470,41.19,41.19,41.19,41.189998626708984,200,85.40327312193445
2022-08-03 13:17:00,124.45,124.45,124.377,124.37999725341797,2950,41.35,41.36,41.35,41.36000061035156,1287,85.75575494578388
2022-08-03 13:19:00,124.52,124.521,124.449,124.4489974975586,4830,41.25,41.25,41.25,41.25,540,85.52767986730251
2022-08-03 13:20:00,124.45,124.45,124.304,124.30400085449219,1760,41.39,41.39,41.39,41.38999938964844,1303,85.81795436377449
2022-08-03 13:21:00,124.305,124.375,124.301,124.35800170898438,3090,41.26,41.39,41.25,41.38999938964844,660,85.81795436377449
2022-08-03 13:23:00,124.35,124.36,124.305,124.30500030517578,1580,41.39,41.4,41.39,41.400001525878906,3419,85.83869277602925
2022-08-03 13:24:00,124.31,124.31,124.252,124.26100158691406,2090,41.4,41.45,41.27,41.439998626708984,10851,85.9216226968878
2022-08-03 13:25:00,124.261,124.31,124.261,124.30000305175781,3190,41.29,41.29,41.29,41.290000915527344,500,85.61061769754788
2022-08-03 13:26:00,124.3,124.331,124.3,124.31999969482422,1990,41.43,41.43,41.43,41.43000030517578,200,85.90089219401986
2022-08-03 13:28:00,124.28,124.28,124.182,124.18800354003906,2950,41.45,41.45,41.45,41.45000076293945,1405,85.94236110914255
2022-08-03 13:29:00,124.2,124.2,124.13,124.13200378417969,1690,41.45,41.45,41.45,41.45000076293945,300,85.94236110914255
2022-08-03 13:30:00,124.132,124.178,124.132,124.1780014038086,2120,41.48,41.5,41.48,41.5,423,86.04602944225586
2022-08-03 13:31:00,124.17,124.3,124.17,124.28500366210938,6200,41.35,41.5,41.35,41.5,411,86.04602944225586
2022-08-03 13:32:00,124.285,124.29,124.21,124.29000091552734,2870,41.35,41.35,41.35,41.349998474121094,400,85.73501653352912
2022-08-03 13:33:00,124.286,124.29,124.285,124.28800201416016,2460,41.51,41.51,41.35,41.349998474121094,1882,85.73501653352912
2022-08-03 13:34:00,124.288,124.29,124.214,124.25,1620,41.33,41.51,41.33,41.4900016784668,1300,86.02529893938792
2022-08-03 13:35:00,124.25,124.268,124.25,124.26499938964844,2120,41.51,41.52,41.51,41.52000045776367,1421,86.08749835737855
2022-08-03 13:36:00,124.265,124.273,124.26,124.27300262451172,1590,41.55,41.58,41.34,41.349998474121094,2254,85.73501653352912
2022-08-03 13:37:00,124.27,124.273,124.26,124.26000213623047,1590,41.36,41.54,41.35,41.349998474121094,829,85.73501653352912
2022-08-03 13:39:00,124.17,124.18,124.15,124.18000030517578,2530,41.45,41.55,41.45,41.54999923706055,885,86.14969777536916
2022-08-03 13:40:00,124.18,124.18,124.14,124.1500015258789,3980,41.55,41.55,41.55,41.54999923706055,229,86.14969777536916
2022-08-03 13:41:00,124.15,124.19,124.15,124.19000244140625,2180,41.33,41.33,41.33,41.33000183105469,211,85.69355552779325
2022-08-03 13:42:00,124.2,124.21,124.167,124.18800354003906,1940,41.29,41.51,41.29,41.5099983215332,400,86.06675994512379
2022-08-03 13:44:00,124.18,124.18,124.168,124.16999816894531,3540,41.32,41.5,41.32,41.5,1150,86.04602944225586
2022-08-03 13:45:00,124.171,124.171,124.169,124.16999816894531,1910,41.5,41.5,41.32,41.31999969482422,437,85.6728171155385
2022-08-03 13:46:00,124.169,124.171,124.169,124.16899871826172,1780,41.32,41.32,41.31,41.310001373291016,800,85.65208661267057
2022-08-03 13:47:00,124.168,124.168,124.0,124.0,16390,41.32,41.32,41.32,41.31999969482422,300,85.6728171155385
2022-08-03 13:48:00,124.09,124.09,123.9,123.94000244140625,4770,41.47,41.49,41.32,41.4900016784668,1440,86.02529893938792
2022-08-03 13:49:00,123.94,123.96,123.909,123.90899658203125,1740,41.32,41.32,41.32,41.31999969482422,1296,85.6728171155385
2022-08-03 13:50:00,123.909,123.96,123.909,123.91200256347656,1570,41.31,41.31,41.31,41.310001373291016,200,85.65208661267057
2022-08-03 13:51:00,123.912,123.92,123.91,123.91999816894531,980,41.45,41.45,41.45,41.45000076293945,200,85.94236110914255
2022-08-03 13:52:00,123.909,123.909,123.9,123.9000015258789,4860,41.46,41.46,41.46,41.459999084472656,228,85.96309161201049
2022-08-03 13:54:00,123.91,123.965,123.91,123.96499633789062,1290,41.31,41.31,41.31,41.310001373291016,1438,85.65208661267057
2022-08-03 13:55:00,123.965,123.968,123.92,123.91999816894531,980,41.28,41.3,41.28,41.29999923706055,1738,85.63134820041581
2022-08-03 13:56:00,123.92,123.93,123.911,123.91999816894531,890,41.3,41.3,41.3,41.29999923706055,4452,85.63134820041581
2022-08-03 13:57:00,123.911,123.932,123.911,123.91999816894531,1710,41.28,41.3,41.28,41.29999923706055,1600,85.63134820041581
2022-08-03 13:58:00,123.92,123.941,123.92,123.93099975585938,800,41.3,41.3,41.28,41.29999923706055,1029,85.63134820041581
2022-08-03 13:59:00,123.932,123.95,123.932,123.94999694824219,690,41.3,41.3,41.28,41.279998779296875,4736,85.58987928529312
2022-08-03 14:00:00,123.94,124.0,123.94,124.0,3560,41.3,41.3,41.28,41.279998779296875,1400,85.58987928529312
2022-08-03 14:01:00,124.011,124.16,124.006,124.16000366210938,3950,41.29,41.29,41.29,41.290000915527344,400,85.61061769754788
2022-08-03 14:02:00,124.15,124.15,124.0,124.01899719238281,3200,41.3,41.3,41.28,41.279998779296875,1603,85.58987928529312
2022-08-03 14:03:00,124.021,124.03,124.02,124.02999877929688,1050,41.28,41.29,41.28,41.290000915527344,405,85.61061769754788
2022-08-03 14:04:00,124.03,124.265,124.03,124.25,9810,41.29,41.29,41.29,41.290000915527344,624,85.61061769754788
2022-08-03 14:05:00,124.25,124.25,124.096,124.09600067138672,1680,41.28,41.29,41.28,41.279998779296875,629,85.58987928529312
2022-08-03 14:07:00,124.103,124.147,124.102,124.14700317382812,1160,41.28,41.28,41.27,41.27000045776367,1968,85.5691487824252
2022-08-03 14:08:00,124.11,124.13,124.102,124.11499786376953,870,41.27,41.27,41.25,41.2599983215332,3867,85.54841037017044
2022-08-03 14:09:00,124.115,124.13,124.102,124.11000061035156,1680,41.27,41.27,41.27,41.27000045776367,294,85.5691487824252
2022-08-03 14:12:00,124.011,124.011,123.932,123.93199920654297,4050,41.27,41.27,41.27,41.27000045776367,202,85.5691487824252
2022-08-03 14:13:00,123.95,123.95,123.938,123.94999694824219,1300,41.26,41.26,41.24,41.25,1490,85.52767986730251
2022-08-03 14:14:00,123.95,123.955,123.932,123.94100189208984,1080,41.27,41.29,41.25,41.25,4040,85.52767986730251
2022-08-03 14:15:00,123.941,123.96,123.932,123.95999908447266,880,41.25,41.25,41.25,41.25,600,85.52767986730251
2022-08-03 14:16:00,123.97,124.008,123.96,124.0,2640,41.29,41.29,41.29,41.290000915527344,228,85.61061769754788
2022-08-03 14:17:00,124.0,124.021,123.99,124.0,3250,41.28,41.28,41.28,41.279998779296875,412,85.58987928529312
2022-08-03 14:18:00,123.99,124.04,123.99,124.04000091552734,2880,41.29,41.29,41.2,41.20000076293945,2968,85.4240115341892
2022-08-03 14:19:00,124.04,124.1,124.04,124.04000091552734,2760,41.2,41.2,41.2,41.20000076293945,200,85.4240115341892
2022-08-03 14:20:00,124.04,124.06,123.989,124.0,1250,41.2,41.2,41.2,41.20000076293945,1000,85.4240115341892
2022-08-03 14:21:00,123.989,123.99,123.976,123.98999786376953,4270,41.28,41.28,41.28,41.279998779296875,200,85.58987928529312
2022-08-03 14:22:00,123.99,123.99,123.91,123.91000366210938,1740,41.29,41.29,41.29,41.290000915527344,771,85.61061769754788
2022-08-03 14:23:00,123.91,123.915,123.91,123.91200256347656,1460,41.26,41.26,41.26,41.2599983215332,247,85.54841037017044
2022-08-03 14:24:00,123.9,123.9,123.86,123.86000061035156,4900,41.27,41.27,41.27,41.27000045776367,2516,85.5691487824252
2022-08-03 14:25:00,123.86,123.86,123.85,123.8499984741211,1540,41.2,41.29,41.2,41.209999084472656,1523,85.44474203705714
2022-08-03 14:26:00,123.842,123.842,123.83,123.83000183105469,5330,41.28,41.28,41.28,41.279998779296875,600,85.58987928529312
2022-08-03 14:27:00,123.8,123.8,123.66,123.66600036621094,6950,41.28,41.29,41.28,41.290000915527344,2768,85.61061769754788
2022-08-03 14:28:00,123.64,123.68,123.64,123.68000030517578,3750,41.43,41.43,41.31,41.349998474121094,805,85.73501653352912
2022-08-03 14:29:00,123.67,123.712,123.6,123.5999984741211,6310,41.35,41.35,41.32,41.349998474121094,2723,85.73501653352912
2022-08-03 14:30:00,123.61,123.618,123.531,123.60199737548828,2740,41.35,41.35,41.35,41.349998474121094,739,85.73501653352912
2022-08-03 14:31:00,123.6,123.6,123.55,123.5510025024414,4030,41.32,41.32,41.28,41.279998779296875,945,85.58987928529312
2022-08-03 14:32:00,123.551,123.569,123.535,123.55599975585938,5560,41.25,41.25,41.21,41.209999084472656,1437,85.44474203705714
2022-08-03 14:33:00,123.556,123.56,123.536,123.55000305175781,4790,41.21,41.21,41.21,41.209999084472656,1200,85.44474203705714
2022-08-03 14:34:00,123.54,123.556,123.54,123.54100036621094,1510,41.21,41.21,41.21,41.209999084472656,1300,85.44474203705714
2022-08-03 14:35:00,123.541,123.563,123.541,123.56300354003906,1380,41.2,41.34,41.2,41.209999084472656,1953,85.44474203705714
2022-08-03 14:36:00,123.57,123.79,123.57,123.697998046875,3280,41.2,41.33,41.2,41.33000183105469,1432,85.69355552779325
2022-08-03 14:37:00,123.651,123.651,123.55,123.55000305175781,3970,41.33,41.33,41.2,41.20000076293945,2895,85.4240115341892
2022-08-03 14:38:00,123.55,123.58,123.521,123.52100372314453,3560,41.2,41.33,41.19,41.20000076293945,2905,85.4240115341892
2022-08-03 14:39:00,123.54,123.54,123.5,123.52300262451172,5220,41.19,41.2,41.19,41.20000076293945,2327,85.4240115341892
2022-08-03 14:41:00,123.502,123.52,123.501,123.5009994506836,2660,41.2,41.2,41.2,41.20000076293945,2800,85.4240115341892
2022-08-03 14:42:00,123.5,123.5,123.444,123.45500183105469,9120,41.35,41.35,41.2,41.20000076293945,1202,85.4240115341892
2022-08-03 14:43:00,123.444,123.455,123.3,123.3010025024414,5370,41.2,41.2,41.2,41.20000076293945,200,85.4240115341892
2022-08-03 14:44:00,123.393,123.405,123.393,123.39299774169922,2070,41.2,41.2,41.19,41.189998626708984,6417,85.40327312193445
2022-08-03 14:45:00,123.4,123.405,123.39,123.38999938964844,2880,41.19,41.2,41.18,41.18000030517578,2665,85.38254261906651
2022-08-03 14:46:00,123.384,123.39,123.33,123.33999633789062,4410,41.18,41.19,41.18,41.18000030517578,3859,85.38254261906651
2022-08-03 14:47:00,123.37,123.435,123.37,123.43499755859375,4160,41.19,41.19,41.18,41.18000030517578,1973,85.38254261906651
2022-08-03 14:48:00,123.44,123.492,123.435,123.49199676513672,1870,41.18,41.18,41.18,41.18000030517578,601,85.38254261906651
2022-08-03 14:49:00,123.491,123.499,123.48,123.49500274658203,4560,41.19,41.19,41.18,41.18000030517578,3200,85.38254261906651
2022-08-03 14:50:00,123.495,123.533,123.495,123.53299713134766,4320,41.18,41.18,41.18,41.18000030517578,2400,85.38254261906651
2022-08-03 14:51:00,123.533,123.615,123.53,123.53099822998047,2450,41.18,41.19,41.18,41.18000030517578,1926,85.38254261906651
2022-08-03 14:52:00,123.531,123.599,123.53,123.54000091552734,1660,41.18,41.18,41.18,41.18000030517578,873,85.38254261906651
2022-08-03 14:53:00,123.58,123.58,123.54,123.55999755859375,1630,41.19,41.19,41.18,41.189998626708984,2509,85.40327312193445
2022-08-03 14:54:00,123.55,123.58,123.55,123.552001953125,4030,41.2,41.24,41.2,41.2400016784668,945,85.50694936443458
2022-08-03 14:55:00,123.552,123.552,123.53,123.54000091552734,4410,41.23,41.23,41.2,41.209999084472656,1858,85.44474203705714
2022-08-03 14:57:00,123.491,123.491,123.444,123.4800033569336,1570,41.18,41.19,41.18,41.18000030517578,1327,85.38254261906651
2022-08-03 15:00:00,123.44,123.53,123.411,123.4530029296875,4240,41.18,41.18,41.18,41.18000030517578,5605,85.38254261906651
2022-08-04 09:31:00,123.6,123.962,123.6,123.69000244140625,9000,41.38,41.41,40.36,41.349998474121094,3450,85.73501653352912
2022-08-04 09:32:00,123.7,123.8,123.69,123.80000305175781,4040,41.35,41.35,40.43,40.97999954223633,2305,84.96786137722647
2022-08-04 09:33:00,123.8,123.821,123.602,123.60199737548828,2590,40.98,41.33,40.98,41.33000183105469,1900,85.69355552779325
2022-08-04 09:34:00,123.603,123.612,123.6,123.5999984741211,4660,41.06,41.06,41.06,41.060001373291016,200,85.13373703771722
2022-08-04 09:36:00,123.53,123.6,123.522,123.52799987792969,4840,41.31,41.31,40.99,40.9900016784668,1790,84.98859978948123
2022-08-04 09:37:00,123.528,123.531,123.52,123.52300262451172,4350,40.74,41.02,40.74,41.02000045776367,4375,85.05079920747185
2022-08-04 09:40:00,123.513,123.513,123.453,123.4990005493164,2800,40.75,40.75,40.51,40.560001373291016,8633,84.09703788781053
2022-08-04 09:41:00,123.5,123.5,123.452,123.4990005493164,3910,40.56,40.85,40.56,40.599998474121094,5049,84.17996780866908
2022-08-04 09:42:00,123.499,123.499,123.3,123.3010025024414,10050,40.7,40.7,40.6,40.599998474121094,6459,84.17996780866908
2022-08-04 09:43:00,123.301,123.336,123.292,123.3030014038086,4310,40.6,40.66,40.6,40.65999984741211,845,84.30437455403714
2022-08-04 09:44:00,123.302,123.302,123.284,123.28500366210938,4490,40.66,40.66,40.63,40.630001068115234,800,84.24217513604651
2022-08-04 09:45:00,123.3,123.371,123.3,123.37100219726562,3370,40.7,40.87,40.7,40.869998931884766,2736,84.73978629874512
2022-08-04 09:46:00,123.39,123.503,123.39,123.50299835205078,10270,40.71,40.71,40.7,40.70000076293945,400,84.38731238428251
2022-08-04 09:48:00,123.6,123.793,123.6,123.79299926757812,7980,40.79,40.79,40.66,40.65999984741211,1525,84.30437455403714
2022-08-04 09:50:00,123.707,123.71,123.707,123.70700073242188,1690,40.87,40.88,40.68,40.68000030517578,1781,84.34584346915982
2022-08-04 09:52:00,123.77,123.801,123.77,123.8010025024414,3610,40.88,40.89,40.88,40.88999938964844,1400,84.7812552138678
2022-08-04 09:53:00,123.808,124.12,123.801,124.0999984741211,12470,40.71,40.71,40.71,40.709999084472656,534,84.40804288715044
2022-08-04 09:54:00,124.101,124.101,124.001,124.05000305175781,11380,40.71,40.71,40.71,40.709999084472656,2000,84.40804288715044
2022-08-04 09:55:00,124.05,124.05,124.001,124.0009994506836,6000,40.91,40.99,40.91,40.9900016784668,1748,84.98859978948123
2022-08-04 09:56:00,124.001,124.01,124.0,124.01000213623047,3740,40.97,41.0,40.97,41.0,3400,85.00933029234916
2022-08-04 09:57:00,124.01,124.05,124.01,124.05000305175781,1980,41.03,41.27,41.03,41.27000045776367,943,85.5691487824252
2022-08-04 09:58:00,124.05,124.2,124.05,124.16000366210938,5490,41.03,41.07,40.76,40.7599983215332,921,84.51171122026375
2022-08-04 10:06:00,123.897,123.907,123.816,123.83000183105469,4730,41.07,41.07,40.93,40.93000030517578,4737,84.86419304411316
2022-08-04 10:07:00,123.816,123.907,123.816,123.90699768066406,1530,40.92,40.92,40.92,40.91999816894531,696,84.84345463185842
2022-08-04 10:08:00,123.907,123.958,123.907,123.95800018310547,1170,40.99,40.99,40.99,40.9900016784668,400,84.98859978948123
2022-08-04 10:10:00,124.041,124.055,124.041,124.05500030517578,1870,41.03,41.03,41.03,41.029998779296875,800,85.07152971033977
2022-08-04 10:11:00,124.055,124.1,124.05,124.08100128173828,2040,41.14,41.17,41.14,41.16999816894531,854,85.36180420681177
2022-08-04 10:13:00,124.12,124.222,124.12,124.22200012207031,4090,41.13,41.13,41.13,41.130001068115234,2524,85.27887428595321
2022-08-04 10:14:00,124.199,124.288,124.182,124.26499938964844,5840,41.04,41.04,41.04,41.040000915527344,200,85.09226812259453
2022-08-04 10:16:00,124.519,124.56,124.499,124.55000305175781,7640,41.06,41.11,41.04,41.040000915527344,583,85.09226812259453
2022-08-04 10:20:00,124.51,124.57,124.51,124.55500030517578,2150,41.11,41.11,41.11,41.11000061035156,761,85.23740537083053
2022-08-04 10:21:00,124.58,124.59,124.58,124.58499908447266,3220,40.9,41.13,40.9,41.130001068115234,4313,85.27887428595321
2022-08-04 10:24:00,124.805,124.98,124.805,124.91000366210938,7220,41.13,41.13,41.13,41.130001068115234,264,85.27887428595321
2022-08-04 10:26:00,125.15,125.32,125.15,125.23999786376953,12610,41.21,41.21,41.21,41.209999084472656,256,85.44474203705714
2022-08-04 10:31:00,124.97,125.149,124.97,125.0999984741211,2350,40.93,40.93,40.93,40.93000030517578,600,84.86419304411316
2022-08-04 10:33:00,125.209,125.21,125.188,125.19999694824219,6330,41.13,41.13,41.13,41.130001068115234,400,85.27887428595321
2022-08-04 10:34:00,125.19,125.22,125.19,125.22000122070312,8460,40.91,40.91,40.77,40.88999938964844,9272,84.7812552138678
2022-08-04 10:35:00,125.223,125.25,125.22,125.23500061035156,4250,40.78,40.79,40.7,40.70000076293945,6892,84.38731238428251
2022-08-04 10:36:00,125.235,125.444,125.235,125.44000244140625,10010,40.66,40.81,40.58,40.599998474121094,8575,84.17996780866908
2022-08-04 10:37:00,125.441,125.54,125.441,125.5,12800,40.58,40.58,40.5,40.5,5943,83.97263114244247
2022-08-04 10:38:00,125.5,125.501,125.37,125.37699890136719,10280,40.67,40.67,40.67,40.66999816894531,200,84.32510505690506
2022-08-04 10:39:00,125.37,125.399,125.37,125.37100219726562,4310,40.7,40.7,40.7,40.70000076293945,1000,84.38731238428251
2022-08-04 10:40:00,125.372,125.47,125.372,125.4219970703125,3390,40.6,40.7,40.6,40.70000076293945,1101,84.38731238428251
2022-08-04 10:41:00,125.402,125.428,125.402,125.4280014038086,2300,40.69,40.69,40.69,40.689998626708984,200,84.36657397202775
2022-08-04 10:42:00,125.432,125.55,125.432,125.54000091552734,6390,40.79,40.8,40.56,40.79999923706055,2395,84.59464905050912
2022-08-04 10:43:00,125.52,125.81,125.514,125.80999755859375,7230,40.55,40.56,40.55,40.560001373291016,1336,84.09703788781053
2022-08-04 10:44:00,125.849,126.088,125.849,126.05000305175781,9230,40.77,40.77,40.77,40.77000045776367,200,84.5324496325185
2022-08-04 10:45:00,126.063,126.196,125.889,125.91000366210938,20730,40.78,40.78,40.63,40.630001068115234,735,84.24217513604651
2022-08-04 10:46:00,125.889,125.94,125.79,125.79000091552734,7040,40.8,40.8,40.8,40.79999923706055,200,84.59464905050912
2022-08-04 10:47:00,125.79,125.8,125.43,125.77999877929688,4740,40.81,40.81,40.81,40.810001373291016,200,84.61538746276388
2022-08-04 10:57:00,126.499,127.3,126.499,127.26000213623047,17690,40.69,40.69,40.69,40.689998626708984,1238,84.36657397202775
2022-08-04 10:58:00,127.2,127.44,126.75,126.77999877929688,24500,40.8,40.8,40.69,40.689998626708984,2673,84.36657397202775
2022-08-04 11:00:00,127.17,127.98,127.16,127.94000244140625,23430,40.8,40.8,40.8,40.79999923706055,800,84.59464905050912
2022-08-04 11:01:00,127.955,129.444,127.955,129.44400024414062,42170,40.7,40.7,40.69,40.689998626708984,500,84.36657397202775
2022-08-04 11:03:00,127.11,128.33,127.11,128.3300018310547,25790,40.69,40.8,40.68,40.790000915527344,9628,84.57391854764118
2022-08-04 11:04:00,128.3,128.342,127.49,127.51499938964844,25040,40.8,40.8,40.8,40.79999923706055,200,84.59464905050912
2022-08-04 11:08:00,128.1,128.1,127.23,127.2969970703125,9810,40.68,40.68,40.68,40.68000030517578,2254,84.34584346915982
2022-08-04 11:10:00,126.14,126.716,126.14,126.55999755859375,12050,40.79,40.8,40.79,40.79999923706055,650,84.59464905050912
2022-08-04 11:16:00,126.462,126.555,126.401,126.55500030517578,4770,40.7,40.8,40.66,40.79999923706055,2324,84.59464905050912
2022-08-04 11:17:00,126.606,126.84,126.6,126.77999877929688,4800,40.66,40.66,40.63,40.630001068115234,510,84.24217513604651
2022-08-04 11:18:00,126.714,126.714,126.31,126.30999755859375,4850,40.63,40.68,40.6,40.599998474121094,2098,84.17996780866908
2022-08-04 11:20:00,126.366,126.46,126.076,126.07599639892578,6460,40.6,40.6,40.55,40.54999923706055,6200,84.07629947555577
2022-08-04 11:21:00,126.02,126.6,126.0,126.56999969482422,6370,40.51,40.51,40.51,40.5099983215332,300,83.9933616453104
2022-08-04 11:22:00,126.47,126.57,126.26,126.45999908447266,1800,40.5,40.5,40.47,40.470001220703125,6505,83.91043172445184
2022-08-04 11:23:00,126.368,126.44,126.367,126.36699676513672,2330,40.43,40.43,40.38,40.380001068115234,2694,83.72382556109316
2022-08-04 11:25:00,126.598,126.625,126.55,126.61100006103516,4640,40.36,40.36,40.32,40.31999969482422,3215,83.5994188157251
2022-08-04 11:26:00,126.612,126.612,126.4,126.4000015258789,4420,40.33,40.33,40.33,40.33000183105469,1860,83.62015722797986
2022-08-04 11:27:00,126.4,126.4,126.29,126.29399871826172,2460,40.35,40.35,40.33,40.33000183105469,1253,83.62015722797986
2022-08-04 11:29:00,126.32,126.32,126.0,126.0,8050,40.33,40.33,40.3,40.29999923706055,3609,83.55794990060242
2022-08-04 11:30:00,126.0,126.022,125.995,126.02200317382812,21090,40.3,40.38,40.3,40.380001068115234,1577,83.72382556109316
2022-08-04 13:01:00,126.0,126.15,125.9,126.1500015258789,9590,40.3,40.4,40.3,40.400001525878906,3143,83.76529447621586
2022-08-04 13:04:00,126.2,126.2,126.14,126.13999938964844,2670,40.36,40.36,40.33,40.36000061035156,1286,83.68235664597049
2022-08-04 13:08:00,126.063,126.141,126.063,126.14099884033203,910,40.36,40.36,40.36,40.36000061035156,62,83.68235664597049
2022-08-04 13:11:00,126.471,126.5,126.45,126.49199676513672,7300,40.3,40.3,40.13,40.130001068115234,20508,83.20547598613982
2022-08-04 13:12:00,126.48,126.48,126.303,126.3030014038086,4380,40.1,40.1,40.1,40.099998474121094,827,83.14326865876238
2022-08-04 13:15:00,126.29,126.29,126.101,126.10099792480469,3400,40.1,40.1,40.1,40.099998474121094,500,83.14326865876238
2022-08-04 13:16:00,126.1,126.1,126.065,126.06999969482422,2450,40.1,40.1,40.1,40.099998474121094,500,83.14326865876238
2022-08-04 13:17:00,126.065,126.065,126.03,126.05000305175781,1990,40.1,40.1,40.0,40.0,10700,82.93593199253577
2022-08-04 13:18:00,126.033,126.065,126.03,126.04000091552734,3170,40.0,40.04,40.0,40.040000915527344,16667,83.01886982278114
2022-08-04 13:19:00,126.0,126.1,126.0,126.06999969482422,12500,40.04,40.19,40.02,40.189998626708984,7900,83.32987482212106
2022-08-04 13:20:00,126.09,126.09,126.011,126.01100158691406,2000,40.19,40.19,40.19,40.189998626708984,600,83.32987482212106
2022-08-04 13:22:00,126.0,126.048,126.0,126.0479965209961,930,40.19,40.19,40.07,40.099998474121094,2900,83.14326865876238
2022-08-04 13:23:00,126.04,126.058,126.001,126.01100158691406,1570,40.09,40.1,40.09,40.099998474121094,11300,83.14326865876238
2022-08-04 13:25:00,126.041,126.12,126.041,126.0999984741211,1910,40.33,40.33,40.18,40.18000030517578,639,83.30914431925312
2022-08-04 13:26:00,126.13,126.24,126.13,126.22000122070312,860,40.33,40.33,40.33,40.33000183105469,300,83.62015722797986
2022-08-04 13:27:00,126.23,126.457,126.23,126.31099700927734,5040,40.37,40.37,40.37,40.369998931884766,400,83.7030871488384
2022-08-04 13:28:00,126.34,126.351,126.2,126.20099639892578,1490,40.41,40.41,40.41,40.40999984741211,200,83.78602497908379
2022-08-04 13:29:00,126.29,126.29,126.17,126.23999786376953,1590,40.39,40.41,40.39,40.40999984741211,2000,83.78602497908379
2022-08-04 13:30:00,126.28,126.299,126.245,126.29900360107422,1290,40.34,40.34,40.34,40.34000015258789,200,83.6408877308478
2022-08-04 13:31:00,126.299,126.299,126.2,126.19999694824219,1290,40.32,40.32,40.06,40.060001373291016,2100,83.06033873790383
2022-08-04 13:32:00,126.15,126.15,126.001,126.0009994506836,2410,40.1,40.32,40.08,40.31999969482422,10100,83.5994188157251
2022-08-04 13:33:00,126.001,126.26,126.001,126.26000213623047,6600,40.28,40.28,40.28,40.279998779296875,200,83.51648098547973
2022-08-04 13:34:00,126.26,126.26,126.06,126.08100128173828,1390,40.29,40.33,40.29,40.290000915527344,806,83.53721939773449
2022-08-04 13:36:00,126.19,126.2,126.18,126.19999694824219,1190,40.29,40.74,40.29,40.7400016784668,4194,84.47025021452788
2022-08-04 13:38:00,126.211,126.25,126.201,126.20999908447266,960,40.35,40.35,40.35,40.349998474121094,1334,83.66161823371573
2022-08-04 13:43:00,126.247,126.249,126.22,126.22000122070312,1070,40.46,40.47,40.46,40.470001220703125,1200,83.91043172445184
2022-08-04 13:46:00,126.003,126.07,126.001,126.05999755859375,1200,40.47,40.47,40.47,40.470001220703125,600,83.91043172445184
2022-08-04 13:48:00,126.07,126.18,126.07,126.1500015258789,1040,40.46,40.46,40.38,40.380001068115234,1030,83.72382556109316
2022-08-04 13:49:00,126.19,126.232,126.19,126.23200225830078,2610,40.46,40.46,40.46,40.459999084472656,420,83.8896933121971
2022-08-04 13:51:00,126.17,126.258,126.17,126.25800323486328,1870,40.45,40.45,40.45,40.45000076293945,200,83.86896280932916
2022-08-04 13:55:00,126.1,126.11,126.01,126.01000213623047,2340,40.35,40.35,40.1,40.099998474121094,10736,83.14326865876238
2022-08-04 13:56:00,126.1,126.26,126.1,126.0999984741211,2380,40.29,40.29,40.21,40.209999084472656,2200,83.37134373724375
2022-08-04 14:01:00,126.27,126.27,126.222,126.22200012207031,1390,40.12,40.12,40.12,40.119998931884766,300,83.18473757388506
2022-08-04 14:02:00,126.25,126.27,126.22,126.2699966430664,3610,40.32,40.32,40.32,40.31999969482422,1100,83.5994188157251
2022-08-04 14:03:00,126.27,126.29,126.27,126.28600311279297,2010,40.32,40.32,40.32,40.31999969482422,515,83.5994188157251
2022-08-04 14:04:00,126.29,126.52,126.286,126.5009994506836,4020,40.33,40.33,40.33,40.33000183105469,200,83.62015722797986
2022-08-04 14:05:00,126.5,126.6,126.32,126.44999694824219,4670,40.32,40.32,40.32,40.31999969482422,85,83.5994188157251
2022-08-04 14:08:00,126.34,126.385,126.333,126.34500122070312,1330,40.27,40.3,40.27,40.29999923706055,10843,83.55794990060242
2022-08-04 14:09:00,126.345,126.345,126.3,126.30000305175781,2970,40.35,40.35,40.35,40.349998474121094,1253,83.66161823371573
2022-08-04 14:12:00,126.33,126.33,126.319,126.31900024414062,1670,40.35,40.35,40.3,40.349998474121094,5500,83.66161823371573
2022-08-04 14:14:00,126.3,126.3,126.231,126.23100280761719,1460,40.3,40.3,40.3,40.29999923706055,2000,83.55794990060242
2022-08-04 14:16:00,126.234,126.3,126.234,126.29900360107422,910,40.17,40.17,40.17,40.16999816894531,662,83.28840590699836
2022-08-04 14:17:00,126.299,126.301,126.299,126.3010025024414,1130,40.35,40.35,40.35,40.349998474121094,1400,83.66161823371573
2022-08-04 14:18:00,126.301,126.325,126.238,126.25,810,40.34,40.34,40.34,40.34000015258789,200,83.6408877308478
2022-08-04 14:19:00,126.238,126.29,126.238,126.23799896240234,370,40.35,40.35,40.35,40.349998474121094,400,83.66161823371573
2022-08-04 14:21:00,126.3,126.3,126.25,126.30000305175781,650,40.35,40.35,40.23,40.22999954223633,603,83.41281265236643
2022-08-04 14:23:00,126.281,126.34,126.281,126.33999633789062,1570,40.26,40.26,40.26,40.2599983215332,1014,83.47501207035705
2022-08-04 14:24:00,126.38,126.45,126.38,126.40899658203125,2480,40.44,40.44,40.43,40.43000030517578,741,83.82749389420647
2022-08-04 14:25:00,126.42,126.54,126.42,126.54000091552734,1290,40.44,40.44,40.44,40.439998626708984,200,83.8482243970744
2022-08-04 14:27:00,126.5,126.5,126.43,126.44999694824219,770,40.43,40.43,40.29,40.290000915527344,736,83.53721939773449
2022-08-04 14:30:00,126.33,126.33,126.32,126.31999969482422,770,40.43,40.43,40.43,40.43000030517578,400,83.82749389420647
2022-08-04 14:31:00,126.32,126.33,126.3,126.30000305175781,2030,40.44,40.44,40.44,40.439998626708984,200,83.8482243970744
2022-08-04 14:32:00,126.3,126.3,126.27,126.27999877929688,1610,40.34,40.34,40.29,40.290000915527344,8753,83.53721939773449
2022-08-04 14:33:00,126.269,126.3,126.252,126.25199890136719,1350,40.27,40.27,40.25,40.25,400,83.45428156748912
2022-08-04 14:34:00,126.252,126.27,126.252,126.2699966430664,2010,40.22,40.22,40.16,40.15999984741211,4709,83.26767540413044
2022-08-04 14:35:00,126.27,126.3,126.252,126.26899719238281,2550,40.16,40.16,40.1,40.13999938964844,2867,83.22620648900775
2022-08-04 14:36:00,126.269,126.318,126.254,126.29000091552734,2680,40.1,40.18,40.08,40.18000030517578,1493,83.30914431925312
2022-08-04 14:37:00,126.29,126.31,126.27,126.2699966430664,1710,40.2,40.2,40.0,40.0,26071,82.93593199253577
2022-08-04 14:39:00,126.27,126.28,126.255,126.25499725341797,1270,40.2,40.2,40.2,40.20000076293945,3200,83.35061323437581
2022-08-04 14:40:00,126.255,126.255,126.255,126.25499725341797,920,40.2,40.34,40.2,40.34000015258789,4662,83.6408877308478
2022-08-04 14:43:00,126.28,126.31,126.256,126.25599670410156,880,40.2,40.2,40.2,40.20000076293945,4600,83.35061323437581
2022-08-04 14:44:00,126.256,126.28,126.256,126.26000213623047,520,40.2,40.2,40.2,40.20000076293945,600,83.35061323437581
2022-08-04 14:45:00,126.26,126.27,126.253,126.25299835205078,1170,40.32,40.32,40.2,40.20000076293945,1800,83.35061323437581
2022-08-04 14:46:00,126.253,126.254,126.197,126.1969985961914,2920,40.2,40.2,40.2,40.20000076293945,112,83.35061323437581
2022-08-04 14:47:00,126.19,126.19,126.012,126.01799774169922,2110,40.2,40.2,40.2,40.20000076293945,488,83.35061323437581
2022-08-04 14:49:00,126.0,126.05,126.0,126.05000305175781,4780,40.33,40.33,40.33,40.33000183105469,300,83.62015722797986
2022-08-04 14:50:00,126.051,126.08,126.03,126.02999877929688,1430,40.33,40.33,40.33,40.33000183105469,100,83.62015722797986
2022-08-04 14:51:00,126.05,126.05,126.03,126.03099822998047,910,40.2,40.26,40.2,40.2599983215332,480,83.47501207035705
2022-08-04 14:52:00,126.032,126.032,126.022,126.02999877929688,1090,40.33,40.33,40.33,40.33000183105469,200,83.62015722797986
2022-08-04 14:53:00,126.029,126.03,126.0,126.0199966430664,4150,40.33,40.34,40.33,40.34000015258789,2718,83.6408877308478
2022-08-04 14:55:00,126.135,126.217,126.135,126.19999694824219,1970,40.42,40.59,40.42,40.47999954223633,2141,83.93116222731977
2022-08-04 14:56:00,126.2,126.23,126.001,126.0979995727539,2710,40.48,40.77,40.48,40.77000045776367,4104,84.5324496325185
2022-08-04 14:57:00,126.099,126.16,126.09,126.12100219726562,2680,40.77,40.77,40.77,40.77000045776367,4348,84.5324496325185
2022-08-04 15:00:00,126.02,126.121,126.02,126.08999633789062,3120,40.76,40.76,40.76,40.7599983215332,603,84.51171122026375
2022-08-05 09:31:00,126.22,126.5,126.22,126.41000366210938,6020,40.96,40.96,40.4,40.400001525878906,2502,83.76529447621586
2022-08-05 09:32:00,126.39,126.4,126.3,126.38999938964844,3230,40.95,40.95,40.47,40.470001220703125,939,83.91043172445184
2022-08-05 09:33:00,126.31,126.31,126.13,126.1760025024414,1850,40.94,40.95,40.52,40.599998474121094,2963,84.17996780866908
2022-08-05 09:34:00,126.176,126.21,126.13,126.19999694824219,2560,40.9,40.9,40.63,40.880001068115234,1616,84.76052471099986
2022-08-05 09:35:00,126.15,126.19,126.14,126.18000030517578,1440,40.64,40.88,40.64,40.880001068115234,400,84.76052471099986
2022-08-05 09:36:00,126.18,126.2,126.13,126.12999725341797,2480,40.71,40.89,40.71,40.88999938964844,600,84.7812552138678
2022-08-05 09:37:00,126.18,126.18,126.09,126.08999633789062,1710,40.71,41.2,40.71,41.20000076293945,18386,85.4240115341892
2022-08-05 09:38:00,126.11,126.11,126.088,126.08899688720703,1700,41.2,41.2,41.02,41.18000030517578,3100,85.38254261906651
2022-08-05 09:39:00,126.089,126.09,125.95,125.94999694824219,3120,41.03,41.03,41.03,41.029998779296875,200,85.07152971033977
2022-08-05 09:40:00,125.95,125.964,125.8,125.80000305175781,2020,41.05,41.1,40.63,40.630001068115234,7216,84.24217513604651
2022-08-05 09:41:00,125.804,125.95,125.8,125.94999694824219,9690,40.96,41.12,40.75,41.11000061035156,3918,85.23740537083053
2022-08-05 09:42:00,125.95,126.0,125.95,125.96399688720703,2330,41.05,41.08,41.05,41.08000183105469,400,85.1752059528399
2022-08-05 09:43:00,125.967,126.111,125.964,126.0999984741211,4210,41.12,41.19,41.12,41.189998626708984,6336,85.40327312193445
2022-08-05 09:44:00,126.003,126.11,125.95,125.94999694824219,3170,41.19,41.19,41.13,41.130001068115234,5122,85.27887428595321
2022-08-05 09:45:00,125.95,125.95,125.901,125.947998046875,1770,41.13,41.13,41.06,41.060001373291016,1288,85.13373703771722
2022-08-05 09:46:00,125.948,125.95,125.871,125.87100219726562,4680,41.06,41.06,41.05,41.04999923706055,608,85.11299862546247
2022-08-05 09:47:00,125.87,125.88,125.87,125.87300109863281,1090,40.81,40.99,40.81,40.81999969482422,600,84.63611796563181
2022-08-05 09:48:00,125.873,125.88,125.873,125.87999725341797,1150,41.01,41.01,41.01,41.0099983215332,200,85.0300607952171
2022-08-05 09:49:00,125.88,125.91,125.88,125.88300323486328,2000,40.82,41.04,40.81,40.88999938964844,3269,84.7812552138678
2022-08-05 09:50:00,125.883,125.93,125.883,125.93000030517578,1600,40.9,41.11,40.9,41.11000061035156,8341,85.23740537083053
2022-08-05 09:51:00,125.91,125.922,125.91,125.91000366210938,2310,41.11,41.12,40.95,41.02000045776367,13902,85.05079920747185
2022-08-05 09:52:00,125.911,125.911,125.885,125.88500213623047,1880,41.02,41.16,41.01,41.15999984741211,7476,85.34107370394383
2022-08-05 09:53:00,125.885,125.936,125.885,125.93599700927734,1770,41.19,41.27,41.13,41.130001068115234,17107,85.27887428595321
2022-08-05 09:54:00,125.937,126.022,125.937,126.02200317382812,5490,41.25,41.3,41.15,41.29999923706055,3958,85.63134820041581
2022-08-05 09:55:00,126.022,126.066,126.022,126.06600189208984,1690,41.3,41.41,41.26,41.2599983215332,13093,85.54841037017044
2022-08-05 09:56:00,126.07,126.11,126.07,126.0999984741211,4350,41.4,41.4,41.22,41.220001220703125,4306,85.4654804493119
2022-08-05 09:57:00,126.111,126.111,126.0,126.08999633789062,7220,41.22,41.77,41.22,41.709999084472656,40194,86.48144118696383
2022-08-05 09:58:00,126.09,126.3,126.09,126.24600219726562,8630,41.72,41.88,41.71,41.79999923706055,8788,86.66804735032251
2022-08-05 09:59:00,126.25,126.44,126.25,126.40299987792969,8070,41.85,41.9,41.76,41.7599983215332,4032,86.58510952007714
2022-08-05 10:00:00,126.4,126.4,126.358,126.35800170898438,8300,41.78,41.9,41.78,41.88999938964844,3556,86.85465351368119
2022-08-05 10:01:00,126.34,126.358,126.34,126.34300231933594,1630,41.8,41.96,41.8,41.849998474121094,11893,86.77171568343581
2022-08-05 10:02:00,126.343,126.343,126.19,126.19999694824219,6110,41.95,42.24,41.82,42.04999923706055,33695,87.18639692527586
2022-08-05 10:03:00,126.2,126.2,126.07,126.11000061035156,2840,42.05,42.05,41.7,41.70000076293945,1352,86.4607106840959
2022-08-05 10:04:00,126.11,126.19,126.11,126.12899780273438,1170,41.53,41.54,41.52,41.52000045776367,2100,86.08749835737855
2022-08-05 10:05:00,126.12,126.19,126.12,126.19000244140625,4820,41.54,41.54,41.24,41.2400016784668,6642,85.50694936443458
2022-08-05 10:06:00,126.191,126.22,126.191,126.19300079345703,2090,41.31,41.51,41.31,41.5099983215332,415,86.06675994512379
2022-08-05 10:07:00,126.193,126.252,126.193,126.25199890136719,1690,41.51,41.69,41.43,41.439998626708984,2976,85.9216226968878
2022-08-05 10:08:00,126.252,126.255,126.252,126.25299835205078,1260,41.49,41.7,41.49,41.70000076293945,2721,86.4607106840959
2022-08-05 10:09:00,126.26,126.379,126.255,126.37899780273438,4260,41.7,42.18,41.7,42.029998779296875,11687,87.14492801015318
2022-08-05 10:10:00,126.36,126.422,126.36,126.4219970703125,7010,42.03,42.04,42.02,42.040000915527344,5716,87.16566642240792
2022-08-05 10:11:00,126.421,126.707,126.421,126.68000030517578,4430,42.04,42.3,42.04,42.29999923706055,2748,87.7047465002292
2022-08-05 10:12:00,126.7,126.959,126.7,126.88800048828125,7430,42.3,42.3,42.19,42.2400016784668,2529,87.58034766424797
2022-08-05 10:13:00,126.9,127.05,126.9,126.9000015258789,6000,42.24,42.24,42.12,42.130001068115234,3352,87.35227258576661
2022-08-05 10:14:00,127.0,127.0,126.7,126.70999908447266,3940,42.2,42.2,42.12,42.119998931884766,2777,87.33153417351186
2022-08-05 10:15:00,126.72,126.958,126.72,126.95800018310547,1700,42.12,42.33,42.12,42.2599983215332,21952,87.62180866998384
2022-08-05 10:16:00,126.958,127.431,126.958,127.30000305175781,3230,42.26,42.36,42.11,42.11000061035156,4134,87.31080367064392
2022-08-05 10:17:00,127.31,128.2,127.31,128.1999969482422,15190,42.07,42.11,42.07,42.11000061035156,3732,87.31080367064392
2022-08-05 10:18:00,128.29,128.413,127.67,127.83699798583984,18740,42.12,42.12,42.03,42.029998779296875,1641,87.14492801015318
2022-08-05 10:19:00,127.944,128.05,127.837,127.9000015258789,10090,41.66,41.82,41.66,41.81999969482422,1131,86.7095162654452
2022-08-05 10:20:00,127.833,128.03,127.833,128.0,6880,42.03,42.03,41.83,42.029998779296875,800,87.14492801015318
2022-08-05 10:21:00,128.0,128.1,127.8,127.80000305175781,8510,41.83,42.01,41.83,41.849998474121094,1224,86.77171568343581
2022-08-05 10:22:00,127.8,128.0,127.8,127.83000183105469,2850,41.95,41.95,41.84,41.84000015258789,476,86.75098518056788
2022-08-05 10:23:00,127.83,127.83,127.8,127.80000305175781,2450,42.0,42.0,41.83,41.900001525878906,1200,86.87539192593594
2022-08-05 10:24:00,127.75,127.8,127.21,127.20999908447266,4770,41.89,41.9,41.84,41.84000015258789,2200,86.75098518056788
2022-08-05 10:25:00,127.22,127.574,127.22,127.5739974975586,1860,41.9,41.95,41.9,41.900001525878906,700,86.87539192593594
2022-08-05 10:26:00,127.574,127.574,127.48,127.51300048828125,1050,41.99,41.99,41.91,41.9900016784668,1817,87.06199808929462
2022-08-05 10:27:00,127.515,127.75,127.515,127.69999694824219,2380,41.96,42.07,41.96,42.060001373291016,6924,87.20713533753062
2022-08-05 10:28:00,127.8,127.97,127.711,127.91999816894531,2320,42.06,42.07,41.95,42.04999923706055,8710,87.18639692527586
2022-08-05 10:29:00,127.9,128.06,127.9,128.05999755859375,4990,41.91,42.07,41.91,42.0,1796,87.08272859216255
2022-08-05 10:30:00,128.06,128.11,127.902,128.00999450683594,9550,41.92,42.0,41.9,41.900001525878906,2090,86.87539192593594
2022-08-05 10:31:00,127.902,127.902,127.71,127.70999908447266,2300,41.86,41.86,41.82,41.81999969482422,2032,86.7095162654452
2022-08-05 10:32:00,127.71,127.8,127.71,127.80000305175781,2350,41.71,41.71,41.71,41.709999084472656,200,86.48144118696383
2022-08-05 10:33:00,127.8,127.8,127.711,127.71099853515625,1380,41.71,41.86,41.71,41.86000061035156,2399,86.79245409569057
2022-08-05 10:34:00,127.711,127.82,127.711,127.81999969482422,1440,41.72,41.86,41.72,41.72999954223633,2240,86.52291010208653
2022-08-05 10:35:00,127.822,128.0,127.822,127.9800033569336,2410,41.95,41.98,41.74,41.7400016784668,1023,86.54364851434127
2022-08-05 10:36:00,127.98,128.061,127.98,128.0,3040,41.76,41.76,41.76,41.7599983215332,200,86.58510952007714
2022-08-05 10:38:00,128.04,128.061,128.04,128.06100463867188,2820,42.05,42.07,42.05,42.06999969482422,6031,87.22786584039855
2022-08-05 10:39:00,128.061,128.079,128.0,128.0659942626953,2120,42.07,42.07,41.88,41.880001068115234,1045,86.83392301081327
2022-08-05 10:40:00,128.0,128.0,128.0,128.0,1700,41.88,41.88,41.88,41.880001068115234,200,86.83392301081327
2022-08-05 10:41:00,128.0,128.016,128.0,128.0,1170,41.9,42.18,41.9,41.90999984741211,1110,86.89612242880388
2022-08-05 10:42:00,128.0,128.05,128.0,128.0500030517578,1310,42.18,42.3,42.18,42.27000045776367,7143,87.6425470822386
2022-08-05 10:43:00,128.06,128.26,128.03,128.25999450683594,4160,42.35,42.36,42.27,42.36000061035156,6214,87.82915324559727
2022-08-05 10:44:00,128.327,128.666,128.222,128.60000610351562,5400,42.37,42.4,42.35,42.400001525878906,5842,87.91209107584264
2022-08-05 10:45:00,128.57,128.69,128.39,128.38999938964844,8990,42.36,42.4,41.85,41.849998474121094,5355,86.77171568343581
2022-08-05 10:46:00,128.369,128.369,128.08,128.0800018310547,3120,42.27,42.27,42.1,42.130001068115234,608,87.35227258576661
2022-08-05 10:47:00,128.0,128.23,128.0,128.22000122070312,3340,42.27,42.38,42.27,42.29999923706055,4231,87.7047465002292
2022-08-05 10:48:00,128.28,128.39,128.233,128.30999755859375,5030,42.37,42.37,42.11,42.11000061035156,1968,87.31080367064392
2022-08-05 10:49:00,128.28,128.28,128.1,128.1999969482422,3410,42.12,42.3,42.12,42.29999923706055,1966,87.7047465002292
2022-08-05 10:50:00,128.2,128.22,128.15,128.14999389648438,2540,42.12,42.29,42.12,42.13999938964844,2644,87.37300308863453
2022-08-05 10:51:00,128.15,128.15,128.1,128.10000610351562,1020,42.15,42.15,42.15,42.150001525878906,407,87.39374150088929
2022-08-05 10:52:00,128.004,128.09,128.0,128.00999450683594,2530,42.28,42.29,42.15,42.15999984741211,1305,87.41447200375723
2022-08-05 10:53:00,128.011,128.1,128.01,128.10000610351562,1700,42.16,42.16,42.16,42.15999984741211,200,87.41447200375723
2022-08-05 10:58:00,128.23,128.25,128.23,128.25,930,42.16,42.16,42.16,42.15999984741211,500,87.41447200375723
2022-08-05 10:59:00,128.25,128.301,128.25,128.30099487304688,1250,42.25,42.3,42.16,42.15999984741211,2251,87.41447200375723
2022-08-05 11:00:00,128.3,128.34,128.3,128.33999633789062,680,42.16,42.16,42.16,42.15999984741211,400,87.41447200375723
2022-08-05 11:01:00,128.34,128.4,128.34,128.38800048828125,2040,42.14,42.14,41.92,41.93000030517578,2905,86.93759134392657
2022-08-05 11:03:00,128.41,128.55,128.41,128.5500030517578,2010,42.18,42.23,41.91,41.93000030517578,9018,86.93759134392657
2022-08-05 11:04:00,128.55,128.688,128.506,128.65499877929688,3530,41.95,42.01,41.95,42.0099983215332,2149,87.10345909503049
2022-08-05 11:05:00,128.66,129.0,128.66,128.89999389648438,5580,42.22,42.25,41.98,41.97999954223633,2657,87.04125967703987
2022-08-05 11:06:00,128.9,128.998,128.36,128.5,9250,42.29,42.29,42.01,42.0099983215332,796,87.10345909503049
2022-08-05 11:07:00,128.538,128.7,128.413,128.6009979248047,2230,42.02,42.29,42.02,42.029998779296875,2452,87.14492801015318
2022-08-05 11:08:00,128.566,128.62,128.555,128.6199951171875,960,42.04,42.23,42.04,42.22999954223633,428,87.55960925199322
2022-08-05 11:09:00,128.603,128.603,128.36,128.3699951171875,3720,42.26,42.27,42.09,42.09000015258789,1138,87.26933475552123
2022-08-05 11:11:00,128.57,128.84,128.57,128.76199340820312,2710,42.22,42.29,42.13,42.130001068115234,3325,87.35227258576661
2022-08-05 11:12:00,128.7,128.8,128.666,128.76199340820312,3480,42.13,42.15,42.13,42.150001525878906,7366,87.39374150088929
2022-08-05 11:13:00,128.68,128.84,128.68,128.8300018310547,1650,42.3,42.3,42.13,42.130001068115234,638,87.35227258576661
2022-08-05 11:14:00,128.84,129.0,128.84,129.0,9990,42.13,42.13,42.13,42.130001068115234,400,87.35227258576661
2022-08-05 11:18:00,128.75,129.1,128.711,129.01499938964844,2000,42.36,42.36,42.13,42.150001525878906,3251,87.39374150088929
2022-08-05 11:19:00,129.1,129.22,128.9,129.22000122070312,4200,42.15,42.35,42.13,42.349998474121094,1024,87.80841483334251
2022-08-05 11:20:00,129.26,129.5,129.26,129.5,5490,42.16,42.16,42.16,42.15999984741211,200,87.41447200375723
2022-08-05 11:21:00,129.441,129.555,129.44,129.44400024414062,6520,42.16,42.16,42.16,42.15999984741211,200,87.41447200375723
2022-08-05 11:22:00,129.444,129.57,129.444,129.57000732421875,2190,42.15,42.15,42.11,42.11000061035156,2216,87.31080367064392
2022-08-05 11:23:00,129.55,129.55,129.26,129.25999450683594,6420,42.11,42.11,42.11,42.11000061035156,400,87.31080367064392
2022-08-05 11:24:00,129.26,129.4,129.21,129.25999450683594,3770,42.11,42.11,42.11,42.11000061035156,200,87.31080367064392
2022-08-05 11:25:00,129.27,129.55,129.222,129.5500030517578,3990,42.12,42.12,42.12,42.119998931884766,200,87.33153417351186
2022-08-05 11:27:00,129.46,129.54,129.46,129.49000549316406,1940,42.25,42.25,42.24,42.2400016784668,2370,87.58034766424797
2022-08-05 11:28:00,129.49,129.579,129.49,129.55999755859375,5260,42.07,42.22,42.0,42.0,1205,87.08272859216255
2022-08-05 11:29:00,129.55,129.579,129.2,129.1999969482422,4020,42.21,42.21,42.21,42.209999084472656,545,87.51814033687053
2022-08-05 11:30:00,129.2,129.46,129.2,129.4320068359375,2600,42.21,42.21,42.03,42.029998779296875,800,87.14492801015318
2022-08-05 13:01:00,129.421,129.421,129.25,129.25,5760,42.24,42.26,42.04,42.040000915527344,1041,87.16566642240792
2022-08-05 13:02:00,129.251,129.26,129.25,129.25,3240,42.04,42.05,42.04,42.040000915527344,898,87.16566642240792
2022-08-05 13:04:00,128.821,129.17,128.821,129.02099609375,1490,42.04,42.26,42.04,42.119998931884766,2408,87.33153417351186
2022-08-05 13:05:00,129.16,129.253,129.16,129.2050018310547,1210,42.12,42.25,42.05,42.04999923706055,1984,87.18639692527586
2022-08-05 13:09:00,129.6,129.65,129.581,129.61000061035156,6620,42.05,42.05,41.94,41.939998626708984,1008,86.95832184679449
2022-08-05 13:10:00,129.62,129.62,129.26,129.30299377441406,1320,41.94,41.94,41.69,41.93000030517578,8348,86.93759134392657
2022-08-05 13:11:00,129.303,129.45,129.303,129.4040069580078,1250,41.69,42.15,41.69,41.86000061035156,2404,86.79245409569057
2022-08-05 13:12:00,129.404,129.58,129.404,129.46299743652344,2300,42.15,42.15,41.9,41.900001525878906,414,86.87539192593594
2022-08-05 13:13:00,129.463,129.463,129.26,129.26499938964844,1570,42.15,42.15,41.96,41.959999084472656,1065,86.99979076191718
2022-08-05 13:14:00,129.266,129.35,129.266,129.35000610351562,1330,41.95,41.95,41.93,41.93000030517578,661,86.93759134392657
2022-08-05 13:15:00,129.35,129.38,129.26,129.27000427246094,4560,41.9,41.9,41.9,41.900001525878906,200,86.87539192593594
2022-08-05 13:16:00,129.26,129.26,129.17,129.1699981689453,3430,42.08,42.13,41.92,42.130001068115234,11925,87.35227258576661
2022-08-05 13:17:00,129.16,129.16,129.01,129.00999450683594,1530,42.15,42.15,41.69,41.689998626708984,4671,86.43997227184114
2022-08-05 13:18:00,129.01,129.022,129.0,129.0070037841797,2650,41.82,42.12,41.82,42.119998931884766,1711,87.33153417351186
2022-08-05 13:19:00,129.002,129.07,129.002,129.07000732421875,3180,41.9,41.91,41.9,41.90999984741211,703,86.89612242880388
2022-08-05 13:24:00,128.85,128.87,128.805,128.80499267578125,1580,42.11,42.11,42.11,42.11000061035156,200,87.31080367064392
2022-08-05 13:26:00,128.362,128.45,128.362,128.4199981689453,1790,41.93,42.12,41.93,42.119998931884766,3209,87.33153417351186
2022-08-05 13:27:00,128.42,128.441,128.32,128.32000732421875,2560,41.99,42.05,41.99,42.04999923706055,688,87.18639692527586
2022-08-05 13:28:00,128.32,128.39,128.32,128.38999938964844,2130,42.05,42.05,42.04,42.040000915527344,201,87.16566642240792
2022-08-05 13:29:00,128.402,128.441,128.389,128.38900756835938,3340,42.03,42.03,42.02,42.02000045776367,649,87.12419750728525
2022-08-05 13:31:00,128.4,128.42,128.4,128.4199981689453,1150,42.05,42.05,42.05,42.04999923706055,655,87.18639692527586
2022-08-05 13:34:00,128.5,128.58,128.4,128.39999389648438,9730,42.05,42.05,42.05,42.04999923706055,800,87.18639692527586
2022-08-05 13:35:00,128.4,128.422,128.38,128.39999389648438,660,42.02,42.02,42.02,42.02000045776367,296,87.12419750728525
2022-08-05 13:37:00,128.24,128.24,128.152,128.15199279785156,2130,41.98,41.98,41.71,41.709999084472656,9346,86.48144118696383
2022-08-05 13:38:00,128.11,128.11,128.05,128.05099487304688,3630,41.9,41.9,41.69,41.900001525878906,3860,86.87539192593594
2022-08-05 13:39:00,128.051,128.08,128.026,128.03599548339844,3260,41.83,41.9,41.83,41.900001525878906,484,86.87539192593594
2022-08-05 13:40:00,128.036,128.036,128.021,128.02999877929688,1770,41.83,42.0,41.8,42.0,16105,87.08272859216255
2022-08-05 13:41:00,128.03,128.065,128.03,128.03399658203125,2820,42.0,42.01,42.0,42.0,1996,87.08272859216255
2022-08-05 13:42:00,128.034,128.05,128.001,128.00100708007812,3570,42.0,42.0,41.91,41.959999084472656,2057,86.99979076191718
2022-08-05 13:43:00,128.002,128.33,128.002,128.3300018310547,1530,41.95,41.95,41.86,41.86000061035156,1732,86.79245409569057
2022-08-05 13:44:00,128.035,128.24,128.035,128.07000732421875,300,41.96,41.96,41.86,41.86000061035156,1634,86.79245409569057
2022-08-05 13:45:00,128.06,128.24,128.06,128.17300415039062,4170,41.84,41.9,41.84,41.900001525878906,945,86.87539192593594
2022-08-05 13:46:00,128.179,128.32,128.179,128.32000732421875,3160,41.85,41.9,41.8,41.810001373291016,9935,86.68878576257727
2022-08-05 13:47:00,128.331,128.55,128.331,128.5,4250,42.0,42.0,41.84,41.86000061035156,4559,86.79245409569057
2022-08-05 13:50:00,128.8,128.84,128.734,128.73399353027344,4730,41.86,41.86,41.86,41.86000061035156,200,86.79245409569057
2022-08-05 13:51:00,128.734,128.734,128.501,128.50999450683594,1000,41.92,41.98,41.92,41.91999816894531,1521,86.91685293167181
2022-08-05 13:52:00,128.505,128.65,128.48,128.47999572753906,1370,41.85,41.85,41.85,41.849998474121094,3738,86.77171568343581
2022-08-05 13:53:00,128.402,128.41,128.401,128.40199279785156,1010,41.85,41.98,41.85,41.97999954223633,1554,87.04125967703987
2022-08-05 13:54:00,128.402,128.41,128.4,128.39999389648438,1910,41.85,41.96,41.85,41.849998474121094,5227,86.77171568343581
2022-08-05 13:55:00,128.35,128.351,128.35,128.3509979248047,690,41.85,41.95,41.83,41.83000183105469,714,86.73025467769996
2022-08-05 13:57:00,128.353,128.4,128.352,128.39999389648438,2030,41.95,41.95,41.95,41.95000076293945,201,86.97906025904925
2022-08-05 13:58:00,128.4,128.501,128.4,128.50100708007812,1340,41.82,41.82,41.82,41.81999969482422,500,86.7095162654452
2022-08-05 14:00:00,128.65,128.699,128.649,128.69900512695312,3180,41.94,41.94,41.82,41.939998626708984,5547,86.95832184679449
2022-08-05 14:01:00,128.699,128.772,128.699,128.77200317382812,1440,41.95,41.95,41.88,41.95000076293945,2901,86.97906025904925
2022-08-05 14:02:00,128.73,128.772,128.73,128.74000549316406,690,41.88,41.94,41.81,41.880001068115234,2965,86.83392301081327
2022-08-05 14:03:00,128.74,128.8,128.73,128.75999450683594,1300,41.88,41.88,41.88,41.880001068115234,200,86.83392301081327
2022-08-05 14:04:00,128.76,128.9,128.76,128.86000061035156,940,41.94,41.94,41.94,41.939998626708984,347,86.95832184679449
2022-08-05 14:05:00,128.9,129.021,128.9,129.00900268554688,8320,41.94,41.95,41.89,41.95000076293945,3051,86.97906025904925
2022-08-05 14:06:00,129.009,129.06,128.982,129.02000427246094,8630,41.97,42.0,41.9,41.970001220703125,10418,87.02052917417194
2022-08-05 14:07:00,129.032,129.034,128.89,128.88999938964844,1110,41.99,41.99,41.93,41.9900016784668,5243,87.06199808929462
2022-08-05 14:08:00,128.888,128.936,128.888,128.93600463867188,580,42.0,42.0,42.0,42.0,3162,87.08272859216255
2022-08-05 14:09:00,128.956,129.037,128.956,129.03700256347656,2060,42.0,42.0,42.0,42.0,200,87.08272859216255
2022-08-05 14:10:00,129.03,129.037,128.982,129.02000427246094,2330,41.92,42.01,41.92,42.0099983215332,5638,87.10345909503049
2022-08-05 14:11:00,128.982,129.02,128.982,129.0019989013672,1140,41.99,42.0,41.96,41.959999084472656,1469,86.99979076191718
2022-08-05 14:13:00,129.01,129.021,129.01,129.02099609375,820,41.95,41.95,41.95,41.95000076293945,200,86.97906025904925
2022-08-05 14:14:00,129.021,129.03,129.019,129.02999877929688,900,41.92,41.92,41.89,41.88999938964844,994,86.85465351368119
2022-08-05 14:15:00,129.025,129.049,129.025,129.04800415039062,1570,41.94,41.94,41.85,41.939998626708984,5576,86.95832184679449
2022-08-05 14:16:00,129.06,129.064,129.048,129.04800415039062,2500,41.94,41.95,41.83,41.95000076293945,4350,86.97906025904925
2022-08-05 14:17:00,129.048,129.048,128.733,128.73300170898438,6740,41.95,41.95,41.87,41.880001068115234,2851,86.83392301081327
2022-08-05 14:18:00,128.733,128.733,128.601,128.61000061035156,460,41.88,41.95,41.85,41.869998931884766,3224,86.81318459855851
2022-08-05 14:19:00,128.6,128.648,128.6,128.6060028076172,610,41.85,41.9,41.84,41.900001525878906,2826,86.87539192593594
2022-08-05 14:20:00,128.666,128.7,128.65,128.66600036621094,240,41.84,41.9,41.82,41.81999969482422,2372,86.7095162654452
2022-08-05 14:21:00,128.667,128.733,128.667,128.7050018310547,220,41.9,41.94,41.83,41.83000183105469,7635,86.73025467769996
2022-08-05 14:22:00,128.7,128.94,128.7,128.82000732421875,480,41.82,41.94,41.77,41.91999816894531,4444,86.91685293167181
2022-08-05 14:23:00,128.84,128.93,128.84,128.9199981689453,480,41.88,41.93,41.72,41.91999816894531,4583,86.91685293167181
2022-08-05 14:24:00,128.91,128.96,128.91,128.9600067138672,920,41.92,41.93,41.81,41.93000030517578,2880,86.93759134392657
2022-08-05 14:26:00,129.02,129.101,129.02,129.1009979248047,2830,41.84,41.84,41.84,41.84000015258789,200,86.75098518056788
2022-08-05 14:27:00,129.1,129.118,129.1,129.10699462890625,930,41.93,41.93,41.93,41.93000030517578,200,86.93759134392657
2022-08-05 14:28:00,129.13,129.135,129.12,129.13499450683594,1310,42.0,42.04,41.99,42.040000915527344,14900,87.16566642240792
2022-08-05 14:29:00,129.134,129.2,129.134,129.1529998779297,2270,42.0,42.05,41.93,42.04999923706055,20711,87.18639692527586
2022-08-05 14:30:00,129.153,129.204,128.79,128.7899932861328,6410,41.98,42.03,41.84,41.84000015258789,6392,86.75098518056788
2022-08-05 14:31:00,128.79,128.79,128.7,128.70199584960938,470,41.92,42.0,41.92,42.0,3108,87.08272859216255
2022-08-05 14:32:00,128.704,128.76,128.704,128.75999450683594,120,42.0,42.0,42.0,42.0,500,87.08272859216255
2022-08-05 14:33:00,128.766,128.83,128.766,128.8000030517578,210,42.0,42.02,41.97,42.0,3258,87.08272859216255
2022-08-05 14:34:00,128.8,128.86,128.8,128.86000061035156,890,42.03,42.04,42.0,42.029998779296875,12534,87.14492801015318
2022-08-05 14:35:00,128.86,128.977,128.86,128.9770050048828,840,42.03,42.03,42.03,42.029998779296875,200,87.14492801015318
2022-08-05 14:36:00,128.89,129.015,128.89,129.00999450683594,980,42.03,42.04,41.99,42.029998779296875,8800,87.14492801015318
2022-08-05 14:37:00,129.03,129.05,129.025,129.0399932861328,1250,42.04,42.07,41.96,42.06999969482422,13660,87.22786584039855
2022-08-05 14:39:00,129.06,129.12,129.06,129.1179962158203,1050,42.0,42.0,42.0,42.0,1132,87.08272859216255
2022-08-05 14:40:00,129.12,129.12,129.06,129.05999755859375,4370,42.06,42.06,41.97,42.0099983215332,2653,87.10345909503049
2022-08-05 14:41:00,129.06,129.06,129.06,129.05999755859375,1510,42.01,42.07,42.01,42.06999969482422,1374,87.22786584039855
2022-08-05 14:42:00,129.06,129.06,128.888,128.88800048828125,260,42.01,42.08,41.97,42.0099983215332,6714,87.10345909503049
2022-08-05 14:43:00,128.888,128.889,128.85,128.85000610351562,1440,42.08,42.08,42.05,42.08000183105469,3870,87.24860425265331
2022-08-05 14:44:00,128.85,128.85,128.76,128.75999450683594,550,42.05,42.12,42.05,42.119998931884766,4208,87.33153417351186
2022-08-05 14:45:00,128.76,128.85,128.76,128.85000610351562,1370,42.12,42.12,42.12,42.119998931884766,704,87.33153417351186
2022-08-05 14:46:00,128.86,129.007,128.86,128.86599731445312,760,42.12,42.12,42.12,42.119998931884766,500,87.33153417351186
2022-08-05 14:47:00,128.866,128.867,128.86,128.86000061035156,850,42.09,42.12,42.09,42.09000015258789,4787,87.26933475552123
2022-08-05 14:48:00,128.86,128.866,128.7,128.6999969482422,1560,42.09,42.12,41.98,42.04999923706055,4878,87.18639692527586
2022-08-05 14:49:00,128.67,128.67,128.474,128.4739990234375,690,42.05,42.12,42.05,42.119998931884766,1086,87.33153417351186
2022-08-05 14:50:00,128.5,128.6,128.5,128.5,1170,42.09,42.09,42.05,42.04999923706055,710,87.18639692527586
2022-08-05 14:51:00,128.46,128.515,128.4,128.4499969482422,1040,42.12,42.14,42.09,42.09000015258789,4137,87.26933475552123
2022-08-05 14:52:00,128.45,128.5,128.4,128.39999389648438,410,42.09,42.13,42.09,42.130001068115234,1957,87.35227258576661
2022-08-05 14:53:00,128.4,128.4,128.352,128.3520050048828,790,42.13,42.13,42.06,42.060001373291016,659,87.20713533753062
2022-08-05 14:54:00,128.352,128.411,128.3,128.41099548339844,1700,42.06,42.06,42.05,42.04999923706055,502,87.18639692527586
2022-08-05 14:55:00,128.401,128.41,128.391,128.39100646972656,3330,42.01,42.15,42.01,42.150001525878906,8501,87.39374150088929
2022-08-05 14:56:00,128.348,128.35,128.302,128.34800720214844,1110,42.15,42.15,42.11,42.11000061035156,4662,87.31080367064392
2022-08-05 14:57:00,128.312,128.313,128.302,128.302001953125,1660,42.01,42.19,42.01,42.189998626708984,11510,87.47667142174784
2022-08-05 15:00:00,128.305,128.32,128.3,128.31100463867188,4770,42.19,42.19,42.19,42.189998626708984,3091,87.47667142174784
